heave_com_m,pitch_rad,volume_m3,F_b_N,CoB_x_B_m,CoB_y_B_m,CoB_z_B_m
0.0248,0.0,0.020167621146756107,197.84436344967745,0.0003406652542433903,-9.264687152234947e-06,0.008350397981973434
0.024300000000000002,0.0,0.017065713791592874,167.4146522955261,0.010628989552279222,3.0576141694187928e-06,0.007300242744714609
0.0238,0.0,0.016890275364086393,165.6936013216875,0.010660850720364351,3.0453872700118194e-06,0.007629000693763302
0.0233,0.0,0.016714642803201077,163.97064589940257,0.010686035963873452,3.061039439291964e-06,0.007959444976610176
0.0228,0.0,0.016536362050713075,162.22171171749525,0.010669480648190642,3.0236696286252152e-06,0.008289272590695134
0.0223,0.0,0.016359380930377233,160.48552692700068,0.010670562266857588,4.6612762409218335e-06,0.008621793649055
0.0218,0.0,0.01618383056364583,158.7633778293656,0.01071368648258226,2.0360271411066937e-06,0.008956730226649683
0.0213,0.0,0.016006016634587193,157.01902318530037,0.01070437164929467,2.6816993359054087e-06,0.009291769285152704
0.0208,0.0,0.01582896134879974,155.28211083172548,0.010709122168936347,2.950528274922898e-06,0.009629197650521604
0.020300000000000002,0.0,0.015653087959153454,153.5567928792954,0.010730759179666507,3.051620825876783e-06,0.009970011081919047
0.0198,0.0,0.015477283702178588,151.83215311837193,0.010752236490199607,3.189045086049101e-06,0.010312589531307193
0.0193,0.0,0.015301303929556725,150.1057915489515,0.010774459425623946,1.8269843421169524e-06,0.010657237061978013
0.0188,0.0,0.015124704008978626,148.37334632808032,0.010794122543895468,3.2795250282629375e-06,0.011002597874706819
0.0183,0.0,0.014948694526709255,146.64669330701778,0.010805556695452537,1.2693491888033438e-06,0.01135134303589351
0.0178,0.0,0.014772608292564169,144.9192873500545,0.010825125325919999,6.203459522188564e-06,0.011700469742137518
0.0173,0.0,0.014597157537467927,143.19811544256038,0.010871595842425223,3.236096328114559e-06,0.012053267209732236
0.016800000000000002,0.0,0.014420954750334485,141.4695661007813,0.010890114608266117,3.836852723680273e-06,0.012406419934263934
0.016300000000000002,0.0,0.014245906597525034,139.7523437217206,0.010923803359021348,4.136982409771192e-06,0.01276407868718318
0.0158,0.0,0.014069642682141083,138.02319471180402,0.010934482478308496,3.0033816753008822e-06,0.013122159547737986
0.015300000000000001,0.0,0.013894697283764069,136.30698035372552,0.010987587061940871,2.6538581831468223e-06,0.013484061361782075
0.0148,0.0,0.013719571593835155,134.58899733552286,0.011034434557492432,3.7568694994169757e-06,0.013846483487616688
0.0143,0.0,0.013540038275689044,132.82777548450952,0.011035857176636113,-1.3715177950924335e-06,0.014207648519177492
0.013800000000000002,0.0,0.013370743106688064,131.1669898766099,0.011158728934144392,1.2412069190576267e-06,0.014580696918552032
0.013300000000000001,0.0,0.013197149752985565,129.4640390767884,0.01124671415932437,1.3003807341160321e-06,0.014950626135406264
0.0128,0.0,0.013023895353269045,127.76441341556934,0.011347177037879875,-7.771313860823306e-07,0.015322594242446457
0.0123,0.0,0.012852201710858152,126.08009878351848,0.011482071863768397,6.483877275900875e-07,0.01569833545042536
0.011800000000000001,0.0,0.012676834891374918,124.35975028438796,0.011576858607610006,6.675447379620968e-07,0.016070718929741188
0.011300000000000001,0.0,0.012510279216527035,122.72583911413022,0.01179660205631103,3.6982050843332323e-06,0.016454365723792195
0.0108,0.0,0.012338941519939124,121.0450163106028,0.01197992305699438,1.484479742708002e-06,0.016834164835387362
0.0103,0.0,0.012167165045833895,119.35988909963051,0.012162829116381658,2.4530817879325993e-06,0.01721542859853791
0.009800000000000001,0.0,0.011996537378479128,117.68603168288026,0.012365841149403195,2.0522850142677144e-06,0.01760041589174384
0.009300000000000001,0.0,0.0,0.0,-0.5298999999999999,0.0,-0.009300000000000001
0.0088,0.0,0.011661678330480098,114.40106442200977,0.012881753130092648,4.283383443530952e-06,0.01838087632986738
0.0083,0.0,0.011492913473538771,112.74548117541535,0.01310804686165261,3.4153282487383935e-06,0.018770385076506083
0.0078000000000000005,0.0,0.011327771877539876,111.12544211866619,0.01337312203976569,1.060589570334037e-06,0.019164569024816763
0.007300000000000001,0.0,0.01116292958902636,109.50833926834858,0.0136269238902928,-9.493303708470248e-08,0.019559630213690407
0.0068000000000000005,0.0,0.010995271368196651,107.86361212200914,0.013749222127103052,-1.370736960109508e-05,0.019946753416491853
0.006300000000000001,0.0,0.010832230410164222,106.26418032371102,0.014018899112853206,-1.3054105909970583e-05,0.02034398730473431
0.0058000000000000005,0.0,0.010672057050016453,104.69287966066142,0.014267168099269156,-8.718366222650738e-06,0.020747057719515686
0.005300000000000001,0.0,0.010514098415054346,103.14330545168315,0.014501627878494105,-3.7056273346705523e-06,0.02115175541800941
0.0048000000000000004,0.0,0.010352259474090904,101.55566544083179,0.014700142157128653,-1.3950781390909185e-05,0.021546870325476128
0.004300000000000001,0.0,0.0101965199957429,100.02786115823785,0.014925517751271627,7.051813721862164e-07,0.021957990480256123
0.003800000000000001,0.0,0.010037685569729372,98.46969543904515,0.015182087117616903,-1.7599290692470293e-06,0.02235877803437875
0.003300000000000001,0.0,0.009884587712941617,96.96780546395726,0.015302220704036926,-4.795288837363432e-06,0.02276913672097984
0.002800000000000001,0.0,0.009727122506457547,95.42307178834855,0.015460731959455189,-1.3802588637374145e-05,0.023170009222105513
0.002300000000000001,0.0,0.009578449360245116,93.9645882240046,0.015610869914303861,-9.916781362476241e-06,0.02358863908842823
0.0018000000000000008,0.0,0.00942695227825426,92.4784018496743,0.015665868745781835,-1.1718410555856166e-05,0.023999092775388423
0.0013000000000000008,0.0,0.009273881629942622,90.97677878973712,0.01600353937051,-2.3958118691356195e-05,0.024409920271720897
0.0008000000000000007,0.0,0.009123610310539078,89.50261714638836,0.01608697322799185,-7.2886741214960765e-06,0.02482533157129446
0.00030000000000000073,0.0,0.0,0.0,-0.5298999999999999,0.0,-0.00030000000000000073
-0.00019999999999999928,0.0,0.008833378756484813,86.65544560111603,0.01643258333049698,-1.5420248028711205e-05,0.025669997749776168
-0.0006999999999999993,0.0,0.008686120089544383,85.2108380784304,0.01650815306712957,-9.013764836340596e-06,0.0260885627353176
-0.0011999999999999992,0.0,0.008544776375672754,83.82425624534972,0.016707238853728882,-2.6839679862341437e-05,0.026515619005356584
-0.0016999999999999993,0.0,0.008398830582256496,82.39252801193622,0.01674922447722713,1.3617082478170657e-06,0.026937959322397006
-0.0021999999999999993,0.0,0.008257340418654679,81.0045095070024,0.016878767283789783,-3.9181579278335266e-06,0.027367121028371237
-0.0026999999999999993,0.0,0.008118289599924545,79.64042097525979,0.01695565711305312,-8.81391485281245e-06,0.02779804183719209
-0.0031999999999999993,0.0,0.00797911155282993,78.27508433326162,0.01709849313715938,-8.539721608670744e-06,0.028230721745275054
-0.0036999999999999993,0.0,0.007836176994680586,76.87289631781655,0.016968130659813254,1.719867200777768e-05,0.028658446210870554
-0.004199999999999999,0.0,0.007702586437869753,75.56237295550227,0.017127488102683174,-1.0440780243862856e-05,0.02910165203318216
-0.004699999999999999,0.0,0.007572620844210105,74.28741048170113,0.01741286145997708,-3.447326001731281e-05,0.029547931238456213
-0.005199999999999999,0.0,0.007440081204580838,72.98719661693802,0.017555782897587052,-2.7285793159963226e-05,0.029994983559203246
-0.005699999999999999,0.0,0.007302696911561188,71.63945670241526,0.017282759570761072,-5.153086931811374e-06,0.030424286273470744
-0.006199999999999999,0.0,0.007172128959604832,70.3585850937234,0.017614716005182003,-6.376945716574018e-06,0.030875776037872022
-0.006699999999999999,0.0,0.007040254521185851,69.0648968528332,0.017530573098434046,1.4446570658488224e-05,0.031317389135590165
-0.007199999999999999,0.0,0.0069164453857744005,67.85032923444687,0.017423048256772176,-2.583983323348297e-05,0.03177414410885977
-0.007699999999999999,0.0,0.006786471702992977,66.5752874063611,0.017466674591313906,-1.8054322535369106e-06,0.032224682346121344
-0.008199999999999999,0.0,0.0066608536344701695,65.34297415415236,0.017540299897671276,9.288758113755534e-06,0.032679230108852264
-0.0087,0.0,0.006539518312164888,64.15267464233756,0.01758798861979733,6.351932731782601e-06,0.03313155268700498
-0.0092,0.0,0.006428690703676821,63.06545580306961,0.01740254392546501,-8.192179100902009e-05,0.03361293698344104
-0.009699999999999999,0.0,0.006304948255890181,61.851542390282674,0.017408450122301813,-1.959190924110741e-05,0.03405009204453808
-0.010199999999999999,0.0,0.006174441187969427,60.57126805398008,0.01720841487005214,-8.67991721281384e-06,0.03451073784938234
-0.0107,0.0,0.006066721966657698,59.51454249291202,0.01727292019241736,-2.4288741648523816e-05,0.03497213545372857
-0.0112,0.0,0.005951892535573579,58.38806577397681,0.017216579208154142,-2.6118823926833918e-05,0.03544400485977921
-0.011699999999999999,0.0,0.0058438199635864,57.32787384278259,0.017252168992736076,-1.7897582574041913e-05,0.035913803013378
-0.012199999999999999,0.0,0.005722629847184172,56.138998800876735,0.01706739012383457,0.00010211066098076492,0.03632190016701866
-0.0127,0.0,0.005618768511660066,55.120119099385256,0.01711668342448263,4.195549789274767e-05,0.036802992283137936
-0.0132,0.0,0.005519704234494764,54.14829854039364,0.016861773439862417,-1.2257421371338502e-05,0.03726299081082573
-0.013699999999999999,0.0,0.005419307563757591,53.16340720046197,0.016786344008892114,-1.0744408005593997e-05,0.03771736276457207
-0.014199999999999999,0.0,0.005317433243440006,52.16402011814646,0.016649393090252828,-1.6058343930264622e-06,0.03815838608014429
-0.0147,0.0,0.005222022047190643,51.2280362829402,0.016606806289152586,5.428084296741422e-06,0.03860359378112779
-0.0152,0.0,0.00512809105610723,50.30657326041193,0.0165212211457648,-1.096610400476831e-05,0.039045198357536774
-0.0157,0.0,0.0050313091863427,49.357143118021895,0.016377293555519486,4.676624993888149e-06,0.03947823579720766
-0.0162,0.0,0.004937595931635741,48.43781608934662,0.016299434387127464,1.457886960432214e-06,0.03991695911314006
-0.0167,0.0,0.004840879478645707,47.48902768551438,0.016157919352543102,-1.894826417872472e-05,0.04039018019589199
-0.0172,0.0,0.0002502371393210061,2.45482633673907,0.09082970232662228,-8.864812888025918e-05,0.07434520558303835
-0.0177,0.0,0.004668760750419413,45.80054296161445,0.01599327888338064,-8.568158723598585e-07,0.04124269157386838
-0.0182,0.0,0.004586160632079949,44.9902358007043,0.015903900746744398,-1.2445135614262553e-05,0.04168025662474388
-0.018699999999999998,0.0,0.004495180902559466,44.09772465410836,0.01588794299154529,-8.886196159384378e-07,0.04213604441712164
-0.0192,0.0,0.004412974691904366,43.29128172758183,0.015753970933332993,-3.742288209405495e-06,0.04257101167120365
-0.0197,0.0,0.004330373505600157,42.48096408993754,0.01571291437808509,4.9548027088878325e-06,0.04301831587008035
-0.0202,0.0,0.004248684982781398,41.67959968108551,0.015604609292528722,-2.2773101316031537e-05,0.04346969007318461
-0.0207,0.0,0.0041655534104476305,40.864078956491255,0.015561939650435761,-3.892520603154894e-06,0.043909951119660715
-0.0212,0.0,0.004085945660410355,40.08312692862559,0.015453448098758827,1.025135341833246e-05,0.044365723021635814
-0.0217,0.0,0.00400546471727072,39.293608876425765,0.015391636051931754,6.481793112019112e-06,0.04481675461213027
-0.0222,0.0,0.003927094450880462,38.524796563137336,0.015298815935017501,1.66186376409597e-07,0.045265067528121934
-0.022699999999999998,0.0,0.0038471451599106717,37.74049401872369,0.01522861109331427,5.624921757239823e-07,0.045723277121240975
-0.0232,0.0,0.0037715435276791122,36.998842006532094,0.015081945659629241,2.0086762582489565e-06,0.04618356269341086
-0.0237,0.0,0.0036950255734883707,36.24820087592092,0.014963054080777851,1.8915840167848462e-06,0.04665538638489592
-0.0242,0.0,0.003618832299120886,35.50074485437589,0.014866020731067124,4.18518576288662e-06,0.0471251483630644
-0.0247,0.0,0.0035445256312468688,34.77179644253178,0.014690454450568267,2.5255257556691837e-06,0.04760810913751722
-0.0252,0.0,0.0034713580172425983,34.054022149149894,0.014730509202350164,-6.491666789871988e-06,0.048095876374690816
-0.0257,0.0,0.003398180024199631,33.33614603739838,0.014595119084390148,-8.574055146543468e-06,0.04858780765853106
-0.026199999999999998,0.0,0.00332670895122802,32.635014811546874,0.014243757538633646,8.79920165170914e-06,0.04908248535119361
-0.026699999999999998,0.0,0.0032526694532636056,31.908687336515975,0.014193652869694574,2.7135119293605264e-06,0.04956983901400935
-0.0272,0.0,0.003178705617452638,31.183102107210384,0.014119433579040674,9.517827838313717e-06,0.050080193676976616
-0.0277,0.0,0.0031105555941987983,30.514550379090213,0.013865694677083639,2.7943865470288786e-06,0.05059721800653032
-0.0282,0.0,0.0030774783202332477,30.19006232148816,0.013789227706792757,-0.00021888669779142689,0.05136171049728713
-0.0287,0.0,0.0029661939744988057,29.098362889833286,0.01390882676682145,9.454300253157389e-06,0.051678397147904134
-0.0292,0.0,0.00290336025066474,28.481964059021102,0.013393125118590546,1.3108633357412522e-06,0.05218413535905033
-0.0297,0.0,0.0028417127414780835,27.8772019939,0.012790575859740898,-2.0509919197043947e-05,0.05272355616719574
-0.030199999999999998,0.0,0.0027715014954702833,27.18842967056348,0.013343815098600772,-1.369435003688865e-05,0.05329344060655681
-0.030699999999999998,0.0,0.0027051034637129595,26.537064979024134,0.013137107386717275,-1.1096961604536363e-05,0.05385014283134015
-0.0312,0.0,0.0026459482058991467,25.956751899870632,0.013590965915436754,-4.4104340845904415e-05,0.0544487954021779
-0.0317,0.0,0.002579112491241465,25.301093539078774,0.012511167779262337,-6.452109804208766e-05,0.05507002046934854
-0.0322,0.0,0.0025077933821602695,24.601453078992247,0.01221857726831672,3.9913982233140184e-06,0.05557680889597374
-0.0327,0.0,0.002445027569320009,23.985720455029288,0.011850319087976005,1.732051769859271e-06,0.056179578880443386
-0.0332,0.0,0.0002852310289786863,2.7981163942809126,-0.2461399592566794,4.3917835148889667e-05,0.15435650210838314
-0.0337,0.0,0.0002826719630562145,2.7730119575814642,-0.24421097584669213,5.753731727817585e-06,0.15548102781225578
-0.0342,0.0,0.00027993064718944777,2.7461196489284827,-0.24254868076976396,4.45309422523635e-05,0.15667045709481225
-0.0347,0.0,0.000277312784291015,2.720438413894857,-0.2407703398638622,4.5349696884643385e-05,0.1578338362715519
-0.0352,0.0,0.0002748319237641748,2.696101172126555,-0.23901392547857495,4.5044200064290036e-05,0.15896493425950498
-0.0357,0.0,0.0020796643022586493,20.40150680515735,0.008658813321177036,1.0621979801119798e-05,0.06002456719056128
-0.0362,0.0,0.0002704058482842863,2.6526813716688484,-0.23576389289177258,4.6383224057514736e-05,0.16103431399391716
-0.0367,0.0,0.000269891819977337,2.6476387539776756,-0.23559951991355535,4.6295284639916085e-05,0.1612825549133096
-0.037200000000000004,0.0,0.00026944193563745655,2.643225388603449,-0.23550002093334133,4.617988633094175e-05,0.16150135300579938
-0.037700000000000004,0.0,0.0018526074202814098,18.174078792960632,0.004584747879881093,3.4873907650093793e-06,0.0629066387156031
-0.038200000000000005,0.0,0.0017976093420792119,17.63454764579707,0.0033500690284837447,1.7032156146844553e-06,0.06367744140410214
-0.038700000000000005,0.0,0.0017427574754455416,17.096450834120766,0.002044760897781998,-7.081835334649379e-07,0.06447622263723647
-0.039200000000000006,0.0,0.001688235457041445,16.561589833576576,0.0006734691886526888,1.0388747006723811e-06,0.06530011081257632
-0.039700000000000006,0.0,0.0016335715039473815,16.025336453723813,-0.0008989103705791876,1.1970500192170637e-05,0.0661450268466559
-0.0402,0.0,0.0015801095338136243,15.500874526711653,-0.0024232356660982076,1.246712396053651e-05,0.06703105370511535
-0.0407,0.0,0.0015278267896108326,14.98798080608227,-0.003919964405289647,5.410519810223287e-06,0.06795871019330353
-0.0412,0.0,0.0014756795616021074,14.476416499316676,-0.0055929657354963636,3.359974189642955e-06,0.0689173760872874
-0.0417,0.0,0.0002665979620782744,2.615326007987872,-0.23565379735591693,4.547615087387062e-05,0.16291921308509444
-0.0422,0.0,0.0002662824456756557,2.6122307920781824,-0.23569252185309256,4.533723477711435e-05,0.16307329584553223
-0.0427,0.0,0.0013224612549647212,12.973344911203915,-0.011245438480356824,-6.821158395990009e-07,0.07205313303842169
-0.0432,0.0,0.0002656513618626738,2.6060398598728307,-0.2357703031629957,4.507918034665588e-05,0.1633806873136284
-0.0437,0.0,0.0002653359011659099,2.6029451904375764,-0.2358092427248601,4.49165997319822e-05,0.16353396071927456
-0.0442,0.0,0.0011745276226616823,11.522115978311104,-0.01808126742918472,4.78593882155431e-06,0.07565501050142867
-0.044700000000000004,0.0,0.0011404411171007675,11.187727358758531,-0.019879868111470217,-0.00023219360679382266,0.07704195115520993
-0.045200000000000004,0.0,0.001077425201956651,10.569541231194748,-0.02348021960081428,3.764042939720098e-05,0.07838804323675172
-0.045700000000000005,0.0,0.0010324928623875627,10.12875498002199,-0.026677582816697226,2.3685357291431045e-05,0.07985399449567025
-0.046200000000000005,0.0,0.0009690575530808923,9.506454595723554,-0.02873763658724698,0.0005002126379297054,0.08107340207349914
-0.046700000000000005,0.0,0.0009418530616835904,9.239578535116022,-0.03338959639483903,3.5341343954152966e-05,0.08308101629797104
-0.047200000000000006,0.0,0.0008994716961555041,8.823817339285496,-0.036503239805050214,5.73845493205424e-06,0.08483376779636205
-0.047700000000000006,0.0,0.0008559655998539479,8.39702253456723,-0.04086949076351988,2.4537082660649463e-05,0.08670912273930725
-0.0482,0.0,0.0008146203910433394,7.9914260361351594,-0.04493918771568184,1.1879117207771943e-05,0.08869663496554117
-0.0487,0.0,0.0007734133835473152,7.587185292599163,-0.04971929360073017,2.586844565911637e-05,0.09082632709805008
-0.0492,0.0,0.0007346484766068259,7.206901555512962,-0.05438428610832005,-6.189539831327964e-06,0.09308823570006913
-0.0497,0.0,0.0006942342090112156,6.810437590400025,-0.060517236648699055,4.801844958037575e-05,0.09553604363841826
-0.0502,0.0,0.0006603791804068183,6.478319759790888,-0.06499157559786323,-3.678259327786291e-05,0.09805034905700856
-0.0507,0.0,0.0006237570985167398,6.119057136449218,-0.07116361466232331,-2.4060295533126796e-05,0.10082345140809591
-0.0512,0.0,0.0005914549714161717,5.802173269592645,-0.07609394012413412,-6.0836088731742106e-05,0.10366870003862406
-0.0517,0.0,0.0005562008309901266,5.456330152013143,-0.08572544679682631,-3.521691402177232e-05,0.10688298330458336
-0.0522,0.0,0.0005235984094766503,5.136500396965939,-0.09442346059398858,-3.6652839619146385e-06,0.11023363677097402
-0.052700000000000004,0.0,0.0004929871935498781,4.836204368724305,-0.10261725574930369,1.842218189753222e-05,0.1137857172977572
-0.053200000000000004,0.0,0.00025934110801885445,2.5441362696649623,-0.23656827340657707,4.218631393618966e-05,0.166394862549828
-0.053700000000000005,0.0,0.0002590255837057724,2.5410409761536275,-0.23660920571422503,4.204283959654326e-05,0.1665426527587875
-0.054200000000000005,0.0,0.0004126215090159096,4.047817003446073,-0.13142760039325732,4.558097938234002e-05,0.1255135006037208
-0.054700000000000006,0.0,0.00025839456522222054,2.5348506848299834,-0.2366913358664654,4.174223007112289e-05,0.1668373657158238
-0.055200000000000006,0.0,0.00025807904578109005,2.5317554391124935,-0.23673256319491406,4.159565044213316e-05,0.16698429401241896
-0.060200000000000004,0.0,0.0002549238977489507,2.5008034369172063,-0.2371503957802497,4.009031524983858e-05,0.16843749551777035
-0.06520000000000001,0.0,0.00025176873551704596,2.469851295422221,-0.23757871752530343,3.855352147004323e-05,0.1698607187712768
-0.0702,0.0,0.0002486135932509801,2.438899349792115,-0.23801788719672948,3.696921005078669e-05,0.17125281228348738
-0.0752,0.0,0.00024545843180111444,2.4079472159689326,-0.23846837027068726,3.535279648505749e-05,0.17261258710278538
-0.08020000000000001,0.0,0.00024230328649454564,2.376995240511493,-0.23893056553730474,3.368726050751164e-05,0.1739387705305052
-0.0852,0.0,0.00023914813122936088,2.34604316736003,-0.23940496891327462,3.1982460400296046e-05,0.1752300404442499
-0.0902,0.0,0.0002359929980213489,2.315091310589433,-0.23989202971734067,3.0222151216252583e-05,0.17648498791478479
-0.0952,0.0,0.0002328378413786029,2.2841392239240945,-0.24039232064716554,2.8425204159126026e-05,0.17770214847137766
-0.1002,0.0,0.00022968267566985165,2.253187048321245,-0.24090636838773286,2.6583343961240884e-05,0.1788799606042255
-0.1052,0.0,0.00022652753882352927,2.2222351558588223,-0.24143469771304216,2.4676589024736117e-05,0.18001677091780424
-0.1102,0.0,0.0002233723859933872,2.1912831065951286,-0.24197797380911465,2.2723899176260026e-05,0.18111085311747496
-0.1152,0.0,0.0002202172245028424,2.160330972372884,-0.24253682925098816,2.0719703815438316e-05,0.18216036847692288
-0.1202,0.0,0.00021706208952968387,2.129379098286199,-0.24311189468565858,1.8644232849941697e-05,0.18316336593512342
-0.1252,0.0,0.00021390693725352073,2.0984270544570385,-0.2437039489930117,1.651648393419312e-05,0.1841177967463617
-0.13019999999999998,0.0,0.00021075178180236066,2.067474979481158,-0.24431373507525672,1.4326860531722053e-05,0.18502147631488491
-0.1352,0.0,0.00020759661910577153,2.036522833427619,-0.2449420673865975,1.2074661137088757e-05,0.18587209119717638
-0.1402,0.0,0.0002044414779575885,2.0055708987639433,-0.2455897619105728,9.74175962848326e-06,0.1866671795124818
-0.1452,0.0,0.00020050124665073956,1.9669172296437551,-0.24756919140103217,-1.8274930160024882e-05,0.18754261389313212
-0.1502,0.0,0.00019625989655471494,1.9253095852017537,-0.2501564333151957,-1.9715766857129128e-05,0.18839280114542212
-0.15519999999999998,0.0,0.00019090202698873426,1.8727488847594833,-0.2525687486515282,-2.1236381638554544e-05,0.18927720189498998
